-- ============================================================
-- SCRIPT CONSOLIDADO - PROYECTO FINAL BASE DE DATOS II
-- Grupo 1GS222 (2026-I) - Base: proyecto del Grupo 1GS213
--
-- Este script incluye:
--   1) Tablas base del Anexo II del proyecto anterior
--   2) Mejora SQL 1 activada de inicio (PK e indices en NOTAS)
--   3) Vista V_ESTUDIANTES_PROY_FINAL (que faltaba en el Anexo)
--   4) Tablas ACTIVIDAD y RUBRICA (que las usan las mejoras)
--   5) Columnas extra de NOTAS (que las usan los queries de mejoras)
--   6) Datos de prueba
--
-- USO: SQL Workshop > SQL Scripts > Upload > Run
--      Si es la primera vez, correr 2 veces (los DROP fallan la 1ra)
-- ============================================================

-- ---------- LIMPIEZA (para poder re-ejecutar) ----------
DROP VIEW V_ESTUDIANTES_PROY_FINAL;
DROP TABLE ASISTENCIAS;
DROP TABLE NOTAS;
DROP TABLE ACTIVIDAD;
DROP TABLE RUBRICA;
DROP TABLE CRITERIOS_DE_EVALUACION;
DROP TABLE ESTUDIANTES;
DROP TABLE PROVINCIAS;

-- ---------- TABLAS BASE ----------
CREATE TABLE PROVINCIAS (
  ID_PROVINCIA NUMBER(2,0) NOT NULL,
  NOMBRE       VARCHAR2(25) NOT NULL,
  CONSTRAINT PROVINCIAS_PK PRIMARY KEY (ID_PROVINCIA)
);

CREATE TABLE ESTUDIANTES (
  NUMERO           NUMBER(5)   NOT NULL,
  APELLIDO         VARCHAR2(15) NOT NULL,
  NOMBRE           VARCHAR2(15) NOT NULL,
  FECHA_NACIMIENTO DATE         NOT NULL,
  CEDULA           VARCHAR2(15) NOT NULL,
  S_SOCIAL         VARCHAR2(15) NOT NULL,
  EMAIL            VARCHAR2(50),
  ID_PROVINCIA     NUMBER(2)    NOT NULL
);

CREATE TABLE CRITERIOS_DE_EVALUACION (
  CODIGO_NOTA CHAR(2)      NOT NULL,
  DESCRIPCION VARCHAR2(25) NOT NULL,
  CANTIDAD    NUMBER(3)    NOT NULL,
  PORCENTAJE  NUMBER(2)    NOT NULL
);

-- RUBRICA y ACTIVIDAD: aparecen en los queries de mejoras 5-7 del
-- documento del grupo anterior pero no estan en el Anexo II. Se
-- reconstruyen aqui a partir de esos queries.
CREATE TABLE RUBRICA (
  ID              NUMBER(5)   NOT NULL,
  CODIGO_RUBRICA  CHAR(2)     NOT NULL,
  NOMBRE          VARCHAR2(50) NOT NULL,
  DESCRIPCION     VARCHAR2(200),
  PORCENTAJE      NUMBER(3)   NOT NULL,
  CONSTRAINT RUBRICA_PK PRIMARY KEY (ID)
);

CREATE TABLE ACTIVIDAD (
  ID             NUMBER(5)    NOT NULL,
  NOMBRE         VARCHAR2(50) NOT NULL,
  DESCRIPCION    VARCHAR2(200),
  PUNTAJEMAXIMO  NUMBER(5,2),
  FECHAENTREGA   DATE,
  ID_RUBRICA     NUMBER(5),
  CONSTRAINT ACTIVIDAD_PK PRIMARY KEY (ID),
  CONSTRAINT ACT_RUB_FK FOREIGN KEY (ID_RUBRICA) REFERENCES RUBRICA(ID)
);

-- Tabla NOTAS ampliada con las columnas que usan las mejoras
CREATE TABLE NOTAS (
  ID_NOTA        NUMBER(10),
  NUMERO         NUMBER(5)  NOT NULL,
  CODIGO_NOTA    CHAR(2)    NOT NULL,
  FECHA          DATE       NOT NULL,
  VALOR_NOTA     NUMBER(5,2) NOT NULL,
  ID_ACTIVIDAD   NUMBER(5),
  CODIGO_RUBRICA CHAR(2),
  FECHA_REGISTRO DATE DEFAULT SYSDATE
);

CREATE TABLE ASISTENCIAS (
  NUMERO NUMBER(5)   NOT NULL,
  FECHA  DATE        NOT NULL,
  STATUS CHAR(1)     NOT NULL
);

-- ---------- CONSTRAINTS Y RELACIONES ----------
ALTER TABLE ESTUDIANTES
  ADD CONSTRAINT EST_KEY PRIMARY KEY (NUMERO);
ALTER TABLE ESTUDIANTES
  ADD CONSTRAINT EST_UK UNIQUE (CEDULA, S_SOCIAL);
ALTER TABLE ESTUDIANTES
  ADD CONSTRAINT ESTUDIANTES_FK_PROV FOREIGN KEY (ID_PROVINCIA)
      REFERENCES PROVINCIAS (ID_PROVINCIA);

ALTER TABLE CRITERIOS_DE_EVALUACION
  ADD CONSTRAINT DIST_KEY PRIMARY KEY (CODIGO_NOTA);

-- MEJORA SQL 1: la PK de NOTAS estaba comentada en el original.
ALTER TABLE NOTAS
  ADD CONSTRAINT NOT_KEY PRIMARY KEY (NUMERO, CODIGO_NOTA, FECHA);

ALTER TABLE NOTAS
  ADD CONSTRAINT N_E_KEY FOREIGN KEY (NUMERO) REFERENCES ESTUDIANTES (NUMERO);
ALTER TABLE NOTAS
  ADD CONSTRAINT N_D_KEY FOREIGN KEY (CODIGO_NOTA) REFERENCES CRITERIOS_DE_EVALUACION (CODIGO_NOTA);

ALTER TABLE ASISTENCIAS
  ADD CONSTRAINT A_E_KEY FOREIGN KEY (NUMERO) REFERENCES ESTUDIANTES (NUMERO);

-- MEJORA SQL 1: indices de apoyo para los filtros mas usados
CREATE INDEX IX_NOTAS_NUMERO_CODIGO ON NOTAS (NUMERO, CODIGO_NOTA);
CREATE INDEX IX_ASISTENCIAS_NUMERO  ON ASISTENCIAS (NUMERO);

-- ---------- DATOS: PROVINCIAS ----------
INSERT INTO PROVINCIAS VALUES (1,'BOCAS DEL TORO');
INSERT INTO PROVINCIAS VALUES (2,'COCLE');
INSERT INTO PROVINCIAS VALUES (3,'COLON');
INSERT INTO PROVINCIAS VALUES (4,'CHIRIQUI');
INSERT INTO PROVINCIAS VALUES (5,'DARIEN');
INSERT INTO PROVINCIAS VALUES (6,'HERRERA');
INSERT INTO PROVINCIAS VALUES (7,'LOS SANTOS');
INSERT INTO PROVINCIAS VALUES (8,'PANAMA');
INSERT INTO PROVINCIAS VALUES (9,'VERAGUAS');
INSERT INTO PROVINCIAS VALUES (10,'PANAMA OESTE');

-- ---------- DATOS: ESTUDIANTES ----------
INSERT INTO ESTUDIANTES VALUES (1,'ALEMAN','ARNULFO',TO_DATE('10-MAY-2000','DD-MON-RRRR'),'8-702-1634','8-702-1634','aa@pma',1);
INSERT INTO ESTUDIANTES VALUES (2,'ALVAREZ','SASKYA',TO_DATE('10-JUN-2001','DD-MON-RRRR'),'8-702-1635','1-14444-6','as@pma',1);
INSERT INTO ESTUDIANTES VALUES (3,'GUTIERREZ','VANNESA',TO_DATE('10-12-1995','DD-MM-RRRR'),'8-702-1636','3-338-555','gv@pma',1);
INSERT INTO ESTUDIANTES VALUES (4,'ESTRIBI','LAURA',TO_DATE('10-NOV-1996','DD-MON-RRRR'),'8-702-1637','3-338-1555','el@pma',2);
INSERT INTO ESTUDIANTES VALUES (5,'GONZALEZ','KARLA',TO_DATE('10-01-1997','DD-MM-RRRR'),'8-702-1638','3-338-2555','gk@pma',2);
INSERT INTO ESTUDIANTES VALUES (6,'BONILLA','INES',TO_DATE('10-FEB-1999','DD-MON-RRRR'),'8-702-1639','3-338-3555','bi@pma',2);
INSERT INTO ESTUDIANTES VALUES (7,'SMITH','BIANCA',TO_DATE('10-JUL-2000','DD-MON-RRRR'),'8-702-1640','3-338-4555','sb@pma',3);
INSERT INTO ESTUDIANTES VALUES (8,'BELTRAN','VERONICA',TO_DATE('10-SEP-2000','DD-MON-RRRR'),'8-702-1641','3-338-5555','bv@pma',3);
INSERT INTO ESTUDIANTES VALUES (9,'PEREZ','YENIS',TO_DATE('10-MAY-2000','DD-MON-RRRR'),'8-702-1642','3-338-6555','py@pma',3);

INSERT INTO ESTUDIANTES VALUES (10,'ALEMAN10','ARNULFO',TO_DATE('10-MAY-2000','DD-MON-RRRR'),'8-702-101634','8-702-101634','aa@pma',8);
INSERT INTO ESTUDIANTES VALUES (11,'ALVAREZ11','SASKYA',TO_DATE('10-JUN-2001','DD-MON-RRRR'),'8-702-121635','1-14444-116','as@pma',8);
INSERT INTO ESTUDIANTES VALUES (12,'GUTIERREZ12','VANNESA',TO_DATE('10-12-1995','DD-MM-RRRR'),'8-702-131636','3-338-12555','gv@pma',8);
INSERT INTO ESTUDIANTES VALUES (13,'ESTRIBI13','LAURA',TO_DATE('10-NOV-1996','DD-MON-RRRR'),'8-702-141637','3-338-131555','el@pma',8);
INSERT INTO ESTUDIANTES VALUES (14,'GONZALEZ14','KARLA',TO_DATE('10-01-1997','DD-MM-RRRR'),'8-702-151638','3-338-142555','gk@pma',8);
INSERT INTO ESTUDIANTES VALUES (15,'BONILLA15','INES',TO_DATE('10-FEB-1999','DD-MON-RRRR'),'8-702-161639','3-338-153555','bi@pma',8);
INSERT INTO ESTUDIANTES VALUES (16,'SMITH16','BIANCA',TO_DATE('10-JUL-2000','DD-MON-RRRR'),'8-702-171640','3-338-164555','sb@pma',8);
INSERT INTO ESTUDIANTES VALUES (17,'BELTRAN17','VERONICA',TO_DATE('10-SEP-2000','DD-MON-RRRR'),'8-702-181641','3-338-175555','bv@pma',8);
INSERT INTO ESTUDIANTES VALUES (18,'PEREZ18','YENIS',TO_DATE('10-MAY-2000','DD-MON-RRRR'),'8-702-191642','3-338-186555','py@pma',8);

INSERT INTO ESTUDIANTES VALUES (19,'ALEMAN19','ARNULFO',TO_DATE('10-MAY-2000','DD-MON-RRRR'),'8-702-201634','8-702-191634','aa@pma',8);
INSERT INTO ESTUDIANTES VALUES (20,'ALVAREZ20','SASKYA',TO_DATE('10-JUN-2001','DD-MON-RRRR'),'8-702-211635','1-14444-206','as@pma',8);
INSERT INTO ESTUDIANTES VALUES (21,'GUTIERREZ21','VANNESA',TO_DATE('10-12-1995','DD-MM-RRRR'),'8-702-221636','3-338-21555','gv@pma',8);
INSERT INTO ESTUDIANTES VALUES (22,'ESTRIBI22','LAURA',TO_DATE('10-NOV-1996','DD-MON-RRRR'),'8-702-231637','3-338-221555','el@pma',8);
INSERT INTO ESTUDIANTES VALUES (23,'GONZALEZ23','KARLA',TO_DATE('10-01-1997','DD-MM-RRRR'),'8-702-241638','3-338-232555','gk@pma',8);
INSERT INTO ESTUDIANTES VALUES (24,'BONILLA24','INES',TO_DATE('10-FEB-1999','DD-MON-RRRR'),'8-702-251639','3-338-323555','bi@pma',8);
INSERT INTO ESTUDIANTES VALUES (25,'SMITH25','BIANCA',TO_DATE('10-JUL-2000','DD-MON-RRRR'),'8-702-261640','3-338-254555','sb@pma',8);
INSERT INTO ESTUDIANTES VALUES (26,'BELTRAN26','VERONICA',TO_DATE('10-SEP-2000','DD-MON-RRRR'),'8-702-271641','3-26338-5555','bv@pma',8);
INSERT INTO ESTUDIANTES VALUES (27,'PEREZ27','YENIS',TO_DATE('10-MAY-2000','DD-MON-RRRR'),'8-702-281642','3-338-276555','py@pma',8);

-- ---------- DATOS: CRITERIOS DE EVALUACION ----------
INSERT INTO CRITERIOS_DE_EVALUACION VALUES ('PA','PARCIAL',3,33);
INSERT INTO CRITERIOS_DE_EVALUACION VALUES ('LQ','LAB y QUIZ',6,10);
INSERT INTO CRITERIOS_DE_EVALUACION VALUES ('PY','PROYECTO FINAL',1,19);
INSERT INTO CRITERIOS_DE_EVALUACION VALUES ('SE','SEMESTRAL',1,33);
INSERT INTO CRITERIOS_DE_EVALUACION VALUES ('PO','PORTAFOLIO',1,5);

-- ---------- DATOS: RUBRICAS ----------
INSERT INTO RUBRICA VALUES (1,'PA','Parcial','Rubrica de evaluacion para parciales',33);
INSERT INTO RUBRICA VALUES (2,'LQ','Laboratorio/Quiz','Rubrica para laboratorios y quices',10);
INSERT INTO RUBRICA VALUES (3,'PY','Proyecto Final','Rubrica del proyecto final',19);
INSERT INTO RUBRICA VALUES (4,'SE','Semestral','Rubrica del examen semestral',33);
INSERT INTO RUBRICA VALUES (5,'PO','Portafolio','Rubrica del portafolio estudiantil',5);

-- ---------- DATOS: ACTIVIDADES ----------
INSERT INTO ACTIVIDAD VALUES (1,'Parcial 1','Primer parcial',100,TO_DATE('10-MAY-2010','DD-MON-RRRR'),1);
INSERT INTO ACTIVIDAD VALUES (2,'Parcial 2','Segundo parcial',100,TO_DATE('11-MAY-2010','DD-MON-RRRR'),1);
INSERT INTO ACTIVIDAD VALUES (3,'Parcial 3','Tercer parcial',100,TO_DATE('12-MAY-2010','DD-MON-RRRR'),1);
INSERT INTO ACTIVIDAD VALUES (4,'Laboratorio 1','Practica 1',10,TO_DATE('17-JUN-2010','DD-MON-RRRR'),2);
INSERT INTO ACTIVIDAD VALUES (5,'Laboratorio 2','Practica 2',10,TO_DATE('18-JUN-2010','DD-MON-RRRR'),2);
INSERT INTO ACTIVIDAD VALUES (6,'Laboratorio 3','Practica 3',10,TO_DATE('19-JUN-2010','DD-MON-RRRR'),2);
INSERT INTO ACTIVIDAD VALUES (7,'Laboratorio 4','Practica 4',10,TO_DATE('20-JUN-2010','DD-MON-RRRR'),2);
INSERT INTO ACTIVIDAD VALUES (8,'Laboratorio 5','Practica 5',10,TO_DATE('21-JUN-2010','DD-MON-RRRR'),2);
INSERT INTO ACTIVIDAD VALUES (9,'Laboratorio 6','Practica 6',10,TO_DATE('22-JUN-2010','DD-MON-RRRR'),2);
INSERT INTO ACTIVIDAD VALUES (10,'Proyecto Final','Entrega del proyecto final',100,TO_DATE('17-JUL-2010','DD-MON-RRRR'),3);
INSERT INTO ACTIVIDAD VALUES (11,'Examen Semestral','Evaluacion final',100,TO_DATE('19-JUL-2010','DD-MON-RRRR'),4);
INSERT INTO ACTIVIDAD VALUES (12,'Portafolio','Entrega de portafolio',5,TO_DATE('19-JUL-2010','DD-MON-RRRR'),5);

-- ---------- DATOS: NOTAS ----------
INSERT INTO NOTAS (NUMERO,CODIGO_NOTA,FECHA,VALOR_NOTA) VALUES (1,'PA',TO_DATE('10-MAY-10','DD-MM-RRRR'),85);
INSERT INTO NOTAS (NUMERO,CODIGO_NOTA,FECHA,VALOR_NOTA) VALUES (1,'PA',TO_DATE('11-MAY-10','DD-MM-RRRR'),70);
INSERT INTO NOTAS (NUMERO,CODIGO_NOTA,FECHA,VALOR_NOTA) VALUES (1,'PA',TO_DATE('12-MAY-10','DD-MM-RRRR'),95);
INSERT INTO NOTAS (NUMERO,CODIGO_NOTA,FECHA,VALOR_NOTA) VALUES (1,'LQ',TO_DATE('17-JUN-10','DD-MM-RRRR'),10);
INSERT INTO NOTAS (NUMERO,CODIGO_NOTA,FECHA,VALOR_NOTA) VALUES (1,'LQ',TO_DATE('18-JUN-10','DD-MM-RRRR'),7);
INSERT INTO NOTAS (NUMERO,CODIGO_NOTA,FECHA,VALOR_NOTA) VALUES (1,'LQ',TO_DATE('19-JUN-10','DD-MM-RRRR'),5);
INSERT INTO NOTAS (NUMERO,CODIGO_NOTA,FECHA,VALOR_NOTA) VALUES (1,'LQ',TO_DATE('20-JUN-10','DD-MM-RRRR'),10);
INSERT INTO NOTAS (NUMERO,CODIGO_NOTA,FECHA,VALOR_NOTA) VALUES (1,'LQ',TO_DATE('21-JUN-10','DD-MM-RRRR'),10);
INSERT INTO NOTAS (NUMERO,CODIGO_NOTA,FECHA,VALOR_NOTA) VALUES (1,'LQ',TO_DATE('22-JUN-10','DD-MM-RRRR'),10);
INSERT INTO NOTAS (NUMERO,CODIGO_NOTA,FECHA,VALOR_NOTA) VALUES (1,'PY',TO_DATE('17-JUL-10','DD-MM-RRRR'),95);
INSERT INTO NOTAS (NUMERO,CODIGO_NOTA,FECHA,VALOR_NOTA) VALUES (1,'SE',TO_DATE('19-JUL-10','DD-MM-RRRR'),85);
INSERT INTO NOTAS (NUMERO,CODIGO_NOTA,FECHA,VALOR_NOTA) VALUES (1,'PO',TO_DATE('19-JUL-10','DD-MM-RRRR'),5);

INSERT INTO NOTAS (NUMERO,CODIGO_NOTA,FECHA,VALOR_NOTA) VALUES (2,'PA',TO_DATE('10-MAY-10','DD-MM-RRRR'),75);
INSERT INTO NOTAS (NUMERO,CODIGO_NOTA,FECHA,VALOR_NOTA) VALUES (2,'PA',TO_DATE('11-MAY-10','DD-MM-RRRR'),60);
INSERT INTO NOTAS (NUMERO,CODIGO_NOTA,FECHA,VALOR_NOTA) VALUES (2,'PA',TO_DATE('12-MAY-10','DD-MM-RRRR'),85);
INSERT INTO NOTAS (NUMERO,CODIGO_NOTA,FECHA,VALOR_NOTA) VALUES (2,'LQ',TO_DATE('17-JUN-10','DD-MM-RRRR'),9);
INSERT INTO NOTAS (NUMERO,CODIGO_NOTA,FECHA,VALOR_NOTA) VALUES (2,'LQ',TO_DATE('18-JUN-10','DD-MM-RRRR'),10);
INSERT INTO NOTAS (NUMERO,CODIGO_NOTA,FECHA,VALOR_NOTA) VALUES (2,'LQ',TO_DATE('19-JUN-10','DD-MM-RRRR'),8);
INSERT INTO NOTAS (NUMERO,CODIGO_NOTA,FECHA,VALOR_NOTA) VALUES (2,'LQ',TO_DATE('20-JUN-10','DD-MM-RRRR'),8);
INSERT INTO NOTAS (NUMERO,CODIGO_NOTA,FECHA,VALOR_NOTA) VALUES (2,'LQ',TO_DATE('21-JUN-10','DD-MM-RRRR'),10);
INSERT INTO NOTAS (NUMERO,CODIGO_NOTA,FECHA,VALOR_NOTA) VALUES (2,'LQ',TO_DATE('22-JUN-10','DD-MM-RRRR'),10);
INSERT INTO NOTAS (NUMERO,CODIGO_NOTA,FECHA,VALOR_NOTA) VALUES (2,'PY',TO_DATE('17-JUL-10','DD-MM-RRRR'),100);
INSERT INTO NOTAS (NUMERO,CODIGO_NOTA,FECHA,VALOR_NOTA) VALUES (2,'SE',TO_DATE('19-JUL-10','DD-MM-RRRR'),95);
INSERT INTO NOTAS (NUMERO,CODIGO_NOTA,FECHA,VALOR_NOTA) VALUES (2,'PO',TO_DATE('19-JUL-10','DD-MM-RRRR'),3);

INSERT INTO NOTAS (NUMERO,CODIGO_NOTA,FECHA,VALOR_NOTA) VALUES (3,'PA',TO_DATE('10-MAY-10','DD-MM-RRRR'),45);
INSERT INTO NOTAS (NUMERO,CODIGO_NOTA,FECHA,VALOR_NOTA) VALUES (3,'PA',TO_DATE('11-MAY-10','DD-MM-RRRR'),100);
INSERT INTO NOTAS (NUMERO,CODIGO_NOTA,FECHA,VALOR_NOTA) VALUES (3,'PA',TO_DATE('12-MAY-10','DD-MM-RRRR'),65);
INSERT INTO NOTAS (NUMERO,CODIGO_NOTA,FECHA,VALOR_NOTA) VALUES (3,'LQ',TO_DATE('17-JUN-10','DD-MM-RRRR'),10);
INSERT INTO NOTAS (NUMERO,CODIGO_NOTA,FECHA,VALOR_NOTA) VALUES (3,'LQ',TO_DATE('18-JUN-10','DD-MM-RRRR'),7);
INSERT INTO NOTAS (NUMERO,CODIGO_NOTA,FECHA,VALOR_NOTA) VALUES (3,'LQ',TO_DATE('19-JUN-10','DD-MM-RRRR'),5);
INSERT INTO NOTAS (NUMERO,CODIGO_NOTA,FECHA,VALOR_NOTA) VALUES (3,'LQ',TO_DATE('20-JUN-10','DD-MM-RRRR'),10);
INSERT INTO NOTAS (NUMERO,CODIGO_NOTA,FECHA,VALOR_NOTA) VALUES (3,'LQ',TO_DATE('21-JUN-10','DD-MM-RRRR'),10);
INSERT INTO NOTAS (NUMERO,CODIGO_NOTA,FECHA,VALOR_NOTA) VALUES (3,'LQ',TO_DATE('22-JUN-10','DD-MM-RRRR'),10);
INSERT INTO NOTAS (NUMERO,CODIGO_NOTA,FECHA,VALOR_NOTA) VALUES (3,'PY',TO_DATE('17-JUL-10','DD-MM-RRRR'),95);
INSERT INTO NOTAS (NUMERO,CODIGO_NOTA,FECHA,VALOR_NOTA) VALUES (3,'SE',TO_DATE('19-JUL-10','DD-MM-RRRR'),100);
INSERT INTO NOTAS (NUMERO,CODIGO_NOTA,FECHA,VALOR_NOTA) VALUES (3,'PO',TO_DATE('19-JUL-10','DD-MM-RRRR'),2);

INSERT INTO NOTAS (NUMERO,CODIGO_NOTA,FECHA,VALOR_NOTA) VALUES (4,'PA',TO_DATE('10-MAY-10','DD-MM-RRRR'),95);
INSERT INTO NOTAS (NUMERO,CODIGO_NOTA,FECHA,VALOR_NOTA) VALUES (4,'PA',TO_DATE('11-MAY-10','DD-MM-RRRR'),80);
INSERT INTO NOTAS (NUMERO,CODIGO_NOTA,FECHA,VALOR_NOTA) VALUES (4,'PA',TO_DATE('12-MAY-10','DD-MM-RRRR'),100);
INSERT INTO NOTAS (NUMERO,CODIGO_NOTA,FECHA,VALOR_NOTA) VALUES (4,'LQ',TO_DATE('17-JUN-10','DD-MM-RRRR'),10);
INSERT INTO NOTAS (NUMERO,CODIGO_NOTA,FECHA,VALOR_NOTA) VALUES (4,'LQ',TO_DATE('18-JUN-10','DD-MM-RRRR'),7);
INSERT INTO NOTAS (NUMERO,CODIGO_NOTA,FECHA,VALOR_NOTA) VALUES (4,'LQ',TO_DATE('19-JUN-10','DD-MM-RRRR'),5);
INSERT INTO NOTAS (NUMERO,CODIGO_NOTA,FECHA,VALOR_NOTA) VALUES (4,'LQ',TO_DATE('20-JUN-10','DD-MM-RRRR'),10);
INSERT INTO NOTAS (NUMERO,CODIGO_NOTA,FECHA,VALOR_NOTA) VALUES (4,'LQ',TO_DATE('21-JUN-10','DD-MM-RRRR'),10);
INSERT INTO NOTAS (NUMERO,CODIGO_NOTA,FECHA,VALOR_NOTA) VALUES (4,'LQ',TO_DATE('22-JUN-10','DD-MM-RRRR'),10);
INSERT INTO NOTAS (NUMERO,CODIGO_NOTA,FECHA,VALOR_NOTA) VALUES (4,'PY',TO_DATE('17-JUL-10','DD-MM-RRRR'),100);
INSERT INTO NOTAS (NUMERO,CODIGO_NOTA,FECHA,VALOR_NOTA) VALUES (4,'SE',TO_DATE('19-JUL-10','DD-MM-RRRR'),95);
INSERT INTO NOTAS (NUMERO,CODIGO_NOTA,FECHA,VALOR_NOTA) VALUES (4,'PO',TO_DATE('19-JUL-10','DD-MM-RRRR'),5);

INSERT INTO NOTAS (NUMERO,CODIGO_NOTA,FECHA,VALOR_NOTA) VALUES (5,'PA',TO_DATE('10-MAY-10','DD-MM-RRRR'),55);
INSERT INTO NOTAS (NUMERO,CODIGO_NOTA,FECHA,VALOR_NOTA) VALUES (5,'PA',TO_DATE('11-MAY-10','DD-MM-RRRR'),70);
INSERT INTO NOTAS (NUMERO,CODIGO_NOTA,FECHA,VALOR_NOTA) VALUES (5,'PA',TO_DATE('12-MAY-10','DD-MM-RRRR'),95);
INSERT INTO NOTAS (NUMERO,CODIGO_NOTA,FECHA,VALOR_NOTA) VALUES (5,'LQ',TO_DATE('17-JUN-10','DD-MM-RRRR'),10);
INSERT INTO NOTAS (NUMERO,CODIGO_NOTA,FECHA,VALOR_NOTA) VALUES (5,'LQ',TO_DATE('18-JUN-10','DD-MM-RRRR'),7);
INSERT INTO NOTAS (NUMERO,CODIGO_NOTA,FECHA,VALOR_NOTA) VALUES (5,'LQ',TO_DATE('19-JUN-10','DD-MM-RRRR'),5);
INSERT INTO NOTAS (NUMERO,CODIGO_NOTA,FECHA,VALOR_NOTA) VALUES (5,'LQ',TO_DATE('20-JUN-10','DD-MM-RRRR'),5);
INSERT INTO NOTAS (NUMERO,CODIGO_NOTA,FECHA,VALOR_NOTA) VALUES (5,'LQ',TO_DATE('21-JUN-10','DD-MM-RRRR'),10);
INSERT INTO NOTAS (NUMERO,CODIGO_NOTA,FECHA,VALOR_NOTA) VALUES (5,'LQ',TO_DATE('22-JUN-10','DD-MM-RRRR'),10);
INSERT INTO NOTAS (NUMERO,CODIGO_NOTA,FECHA,VALOR_NOTA) VALUES (5,'PY',TO_DATE('17-JUL-10','DD-MM-RRRR'),75);
INSERT INTO NOTAS (NUMERO,CODIGO_NOTA,FECHA,VALOR_NOTA) VALUES (5,'SE',TO_DATE('19-JUL-10','DD-MM-RRRR'),85);
INSERT INTO NOTAS (NUMERO,CODIGO_NOTA,FECHA,VALOR_NOTA) VALUES (5,'PO',TO_DATE('19-JUL-10','DD-MM-RRRR'),5);

INSERT INTO NOTAS (NUMERO,CODIGO_NOTA,FECHA,VALOR_NOTA) VALUES (6,'PA',TO_DATE('10-MAY-10','DD-MM-RRRR'),100);
INSERT INTO NOTAS (NUMERO,CODIGO_NOTA,FECHA,VALOR_NOTA) VALUES (6,'PA',TO_DATE('11-MAY-10','DD-MM-RRRR'),90);
INSERT INTO NOTAS (NUMERO,CODIGO_NOTA,FECHA,VALOR_NOTA) VALUES (6,'PA',TO_DATE('12-MAY-10','DD-MM-RRRR'),95);
INSERT INTO NOTAS (NUMERO,CODIGO_NOTA,FECHA,VALOR_NOTA) VALUES (6,'LQ',TO_DATE('17-JUN-10','DD-MM-RRRR'),10);
INSERT INTO NOTAS (NUMERO,CODIGO_NOTA,FECHA,VALOR_NOTA) VALUES (6,'LQ',TO_DATE('18-JUN-10','DD-MM-RRRR'),7);
INSERT INTO NOTAS (NUMERO,CODIGO_NOTA,FECHA,VALOR_NOTA) VALUES (6,'LQ',TO_DATE('19-JUN-10','DD-MM-RRRR'),5);
INSERT INTO NOTAS (NUMERO,CODIGO_NOTA,FECHA,VALOR_NOTA) VALUES (6,'LQ',TO_DATE('20-JUN-10','DD-MM-RRRR'),10);
INSERT INTO NOTAS (NUMERO,CODIGO_NOTA,FECHA,VALOR_NOTA) VALUES (6,'LQ',TO_DATE('21-JUN-10','DD-MM-RRRR'),10);
INSERT INTO NOTAS (NUMERO,CODIGO_NOTA,FECHA,VALOR_NOTA) VALUES (6,'LQ',TO_DATE('22-JUN-10','DD-MM-RRRR'),10);
INSERT INTO NOTAS (NUMERO,CODIGO_NOTA,FECHA,VALOR_NOTA) VALUES (6,'PY',TO_DATE('17-JUL-10','DD-MM-RRRR'),95);
INSERT INTO NOTAS (NUMERO,CODIGO_NOTA,FECHA,VALOR_NOTA) VALUES (6,'SE',TO_DATE('19-JUL-10','DD-MM-RRRR'),95);
INSERT INTO NOTAS (NUMERO,CODIGO_NOTA,FECHA,VALOR_NOTA) VALUES (6,'PO',TO_DATE('19-JUL-10','DD-MM-RRRR'),5);

INSERT INTO NOTAS (NUMERO,CODIGO_NOTA,FECHA,VALOR_NOTA) VALUES (7,'PA',TO_DATE('10-MAY-10','DD-MM-RRRR'),45);
INSERT INTO NOTAS (NUMERO,CODIGO_NOTA,FECHA,VALOR_NOTA) VALUES (7,'PA',TO_DATE('11-MAY-10','DD-MM-RRRR'),70);
INSERT INTO NOTAS (NUMERO,CODIGO_NOTA,FECHA,VALOR_NOTA) VALUES (7,'PA',TO_DATE('12-MAY-10','DD-MM-RRRR'),75);
INSERT INTO NOTAS (NUMERO,CODIGO_NOTA,FECHA,VALOR_NOTA) VALUES (7,'LQ',TO_DATE('17-JUN-10','DD-MM-RRRR'),10);
INSERT INTO NOTAS (NUMERO,CODIGO_NOTA,FECHA,VALOR_NOTA) VALUES (7,'LQ',TO_DATE('18-JUN-10','DD-MM-RRRR'),7);
INSERT INTO NOTAS (NUMERO,CODIGO_NOTA,FECHA,VALOR_NOTA) VALUES (7,'LQ',TO_DATE('19-JUN-10','DD-MM-RRRR'),5);
INSERT INTO NOTAS (NUMERO,CODIGO_NOTA,FECHA,VALOR_NOTA) VALUES (7,'LQ',TO_DATE('20-JUN-10','DD-MM-RRRR'),10);
INSERT INTO NOTAS (NUMERO,CODIGO_NOTA,FECHA,VALOR_NOTA) VALUES (7,'LQ',TO_DATE('21-JUN-10','DD-MM-RRRR'),10);
INSERT INTO NOTAS (NUMERO,CODIGO_NOTA,FECHA,VALOR_NOTA) VALUES (7,'LQ',TO_DATE('22-JUN-10','DD-MM-RRRR'),10);
INSERT INTO NOTAS (NUMERO,CODIGO_NOTA,FECHA,VALOR_NOTA) VALUES (7,'PY',TO_DATE('17-JUL-10','DD-MM-RRRR'),30);
INSERT INTO NOTAS (NUMERO,CODIGO_NOTA,FECHA,VALOR_NOTA) VALUES (7,'SE',TO_DATE('19-JUL-10','DD-MM-RRRR'),65);
INSERT INTO NOTAS (NUMERO,CODIGO_NOTA,FECHA,VALOR_NOTA) VALUES (7,'PO',TO_DATE('19-JUL-10','DD-MM-RRRR'),5);

INSERT INTO NOTAS (NUMERO,CODIGO_NOTA,FECHA,VALOR_NOTA) VALUES (8,'PA',TO_DATE('10-MAY-10','DD-MM-RRRR'),85);
INSERT INTO NOTAS (NUMERO,CODIGO_NOTA,FECHA,VALOR_NOTA) VALUES (8,'PA',TO_DATE('11-MAY-10','DD-MM-RRRR'),100);
INSERT INTO NOTAS (NUMERO,CODIGO_NOTA,FECHA,VALOR_NOTA) VALUES (8,'PA',TO_DATE('12-MAY-10','DD-MM-RRRR'),95);
INSERT INTO NOTAS (NUMERO,CODIGO_NOTA,FECHA,VALOR_NOTA) VALUES (8,'LQ',TO_DATE('17-JUN-10','DD-MM-RRRR'),10);
INSERT INTO NOTAS (NUMERO,CODIGO_NOTA,FECHA,VALOR_NOTA) VALUES (8,'LQ',TO_DATE('18-JUN-10','DD-MM-RRRR'),7);
INSERT INTO NOTAS (NUMERO,CODIGO_NOTA,FECHA,VALOR_NOTA) VALUES (8,'LQ',TO_DATE('19-JUN-10','DD-MM-RRRR'),5);
INSERT INTO NOTAS (NUMERO,CODIGO_NOTA,FECHA,VALOR_NOTA) VALUES (8,'LQ',TO_DATE('20-JUN-10','DD-MM-RRRR'),10);
INSERT INTO NOTAS (NUMERO,CODIGO_NOTA,FECHA,VALOR_NOTA) VALUES (8,'LQ',TO_DATE('21-JUN-10','DD-MM-RRRR'),10);
INSERT INTO NOTAS (NUMERO,CODIGO_NOTA,FECHA,VALOR_NOTA) VALUES (8,'LQ',TO_DATE('22-JUN-10','DD-MM-RRRR'),10);
INSERT INTO NOTAS (NUMERO,CODIGO_NOTA,FECHA,VALOR_NOTA) VALUES (8,'PY',TO_DATE('17-JUL-10','DD-MM-RRRR'),95);
INSERT INTO NOTAS (NUMERO,CODIGO_NOTA,FECHA,VALOR_NOTA) VALUES (8,'SE',TO_DATE('19-JUL-10','DD-MM-RRRR'),85);
INSERT INTO NOTAS (NUMERO,CODIGO_NOTA,FECHA,VALOR_NOTA) VALUES (8,'PO',TO_DATE('19-JUL-10','DD-MM-RRRR'),5);

INSERT INTO NOTAS (NUMERO,CODIGO_NOTA,FECHA,VALOR_NOTA) VALUES (9,'PA',TO_DATE('10-MAY-10','DD-MM-RRRR'),85);
INSERT INTO NOTAS (NUMERO,CODIGO_NOTA,FECHA,VALOR_NOTA) VALUES (9,'PA',TO_DATE('11-MAY-10','DD-MM-RRRR'),100);
INSERT INTO NOTAS (NUMERO,CODIGO_NOTA,FECHA,VALOR_NOTA) VALUES (9,'PA',TO_DATE('12-MAY-10','DD-MM-RRRR'),95);
INSERT INTO NOTAS (NUMERO,CODIGO_NOTA,FECHA,VALOR_NOTA) VALUES (9,'LQ',TO_DATE('17-JUN-10','DD-MM-RRRR'),10);
INSERT INTO NOTAS (NUMERO,CODIGO_NOTA,FECHA,VALOR_NOTA) VALUES (9,'LQ',TO_DATE('18-JUN-10','DD-MM-RRRR'),7);
INSERT INTO NOTAS (NUMERO,CODIGO_NOTA,FECHA,VALOR_NOTA) VALUES (9,'LQ',TO_DATE('19-JUN-10','DD-MM-RRRR'),5);
INSERT INTO NOTAS (NUMERO,CODIGO_NOTA,FECHA,VALOR_NOTA) VALUES (9,'LQ',TO_DATE('20-JUN-10','DD-MM-RRRR'),10);
INSERT INTO NOTAS (NUMERO,CODIGO_NOTA,FECHA,VALOR_NOTA) VALUES (9,'LQ',TO_DATE('21-JUN-10','DD-MM-RRRR'),10);
INSERT INTO NOTAS (NUMERO,CODIGO_NOTA,FECHA,VALOR_NOTA) VALUES (9,'LQ',TO_DATE('22-JUN-10','DD-MM-RRRR'),10);
INSERT INTO NOTAS (NUMERO,CODIGO_NOTA,FECHA,VALOR_NOTA) VALUES (9,'PY',TO_DATE('17-JUL-10','DD-MM-RRRR'),95);
INSERT INTO NOTAS (NUMERO,CODIGO_NOTA,FECHA,VALOR_NOTA) VALUES (9,'SE',TO_DATE('19-JUL-10','DD-MM-RRRR'),85);
INSERT INTO NOTAS (NUMERO,CODIGO_NOTA,FECHA,VALOR_NOTA) VALUES (9,'PO',TO_DATE('19-JUL-10','DD-MM-RRRR'),5);

-- ---------- DATOS: ASISTENCIAS ----------
INSERT INTO ASISTENCIAS VALUES (1,TO_DATE('10-MAY-10','DD-MON-RRRR'),'S');
INSERT INTO ASISTENCIAS VALUES (1,TO_DATE('29-MAY-10','DD-MON-RRRR'),'S');
INSERT INTO ASISTENCIAS VALUES (1,TO_DATE('10-JUN-10','DD-MON-RRRR'),'S');
INSERT INTO ASISTENCIAS VALUES (1,TO_DATE('30-JUN-10','DD-MON-RRRR'),'S');
INSERT INTO ASISTENCIAS VALUES (1,TO_DATE('01-JUL-10','DD-MON-RRRR'),'N');
INSERT INTO ASISTENCIAS VALUES (1,TO_DATE('02-JUL-10','DD-MON-RRRR'),'S');
INSERT INTO ASISTENCIAS VALUES (1,TO_DATE('11-JUL-10','DD-MON-RRRR'),'N');
INSERT INTO ASISTENCIAS VALUES (2,TO_DATE('10-MAY-10','DD-MON-RRRR'),'S');
INSERT INTO ASISTENCIAS VALUES (2,TO_DATE('29-MAY-10','DD-MON-RRRR'),'N');
INSERT INTO ASISTENCIAS VALUES (2,TO_DATE('10-JUN-10','DD-MON-RRRR'),'N');
INSERT INTO ASISTENCIAS VALUES (2,TO_DATE('30-JUN-10','DD-MON-RRRR'),'S');
INSERT INTO ASISTENCIAS VALUES (2,TO_DATE('01-JUL-10','DD-MON-RRRR'),'S');
INSERT INTO ASISTENCIAS VALUES (2,TO_DATE('02-JUL-10','DD-MON-RRRR'),'S');
INSERT INTO ASISTENCIAS VALUES (2,TO_DATE('11-JUL-10','DD-MON-RRRR'),'S');
INSERT INTO ASISTENCIAS VALUES (3,TO_DATE('10-MAY-10','DD-MON-RRRR'),'S');
INSERT INTO ASISTENCIAS VALUES (3,TO_DATE('29-MAY-10','DD-MON-RRRR'),'S');
INSERT INTO ASISTENCIAS VALUES (3,TO_DATE('10-JUN-10','DD-MON-RRRR'),'N');
INSERT INTO ASISTENCIAS VALUES (3,TO_DATE('30-JUN-10','DD-MON-RRRR'),'N');
INSERT INTO ASISTENCIAS VALUES (3,TO_DATE('01-JUL-10','DD-MON-RRRR'),'N');
INSERT INTO ASISTENCIAS VALUES (3,TO_DATE('02-JUL-10','DD-MON-RRRR'),'S');
INSERT INTO ASISTENCIAS VALUES (3,TO_DATE('11-JUL-10','DD-MON-RRRR'),'S');
INSERT INTO ASISTENCIAS VALUES (4,TO_DATE('10-MAY-10','DD-MON-RRRR'),'S');
INSERT INTO ASISTENCIAS VALUES (4,TO_DATE('29-MAY-10','DD-MON-RRRR'),'S');
INSERT INTO ASISTENCIAS VALUES (4,TO_DATE('10-JUN-10','DD-MON-RRRR'),'S');
INSERT INTO ASISTENCIAS VALUES (4,TO_DATE('30-JUN-10','DD-MON-RRRR'),'N');
INSERT INTO ASISTENCIAS VALUES (4,TO_DATE('01-JUL-10','DD-MON-RRRR'),'S');
INSERT INTO ASISTENCIAS VALUES (4,TO_DATE('02-JUL-10','DD-MON-RRRR'),'S');
INSERT INTO ASISTENCIAS VALUES (4,TO_DATE('11-JUL-10','DD-MON-RRRR'),'S');
INSERT INTO ASISTENCIAS VALUES (5,TO_DATE('10-MAY-10','DD-MON-RRRR'),'N');
INSERT INTO ASISTENCIAS VALUES (5,TO_DATE('29-MAY-10','DD-MON-RRRR'),'N');
INSERT INTO ASISTENCIAS VALUES (5,TO_DATE('10-JUN-10','DD-MON-RRRR'),'N');
INSERT INTO ASISTENCIAS VALUES (5,TO_DATE('30-JUN-10','DD-MON-RRRR'),'N');
INSERT INTO ASISTENCIAS VALUES (5,TO_DATE('01-JUL-10','DD-MON-RRRR'),'S');
INSERT INTO ASISTENCIAS VALUES (5,TO_DATE('02-JUL-10','DD-MON-RRRR'),'S');
INSERT INTO ASISTENCIAS VALUES (5,TO_DATE('11-JUL-10','DD-MON-RRRR'),'S');
INSERT INTO ASISTENCIAS VALUES (6,TO_DATE('10-MAY-10','DD-MON-RRRR'),'S');
INSERT INTO ASISTENCIAS VALUES (6,TO_DATE('29-MAY-10','DD-MON-RRRR'),'S');
INSERT INTO ASISTENCIAS VALUES (6,TO_DATE('10-JUN-10','DD-MON-RRRR'),'S');
INSERT INTO ASISTENCIAS VALUES (6,TO_DATE('30-JUN-10','DD-MON-RRRR'),'S');
INSERT INTO ASISTENCIAS VALUES (6,TO_DATE('01-JUL-10','DD-MON-RRRR'),'S');
INSERT INTO ASISTENCIAS VALUES (6,TO_DATE('02-JUL-10','DD-MON-RRRR'),'S');
INSERT INTO ASISTENCIAS VALUES (6,TO_DATE('11-JUL-10','DD-MON-RRRR'),'S');
INSERT INTO ASISTENCIAS VALUES (7,TO_DATE('10-MAY-10','DD-MON-RRRR'),'S');
INSERT INTO ASISTENCIAS VALUES (7,TO_DATE('29-MAY-10','DD-MON-RRRR'),'S');
INSERT INTO ASISTENCIAS VALUES (7,TO_DATE('10-JUN-10','DD-MON-RRRR'),'S');
INSERT INTO ASISTENCIAS VALUES (7,TO_DATE('30-JUN-10','DD-MON-RRRR'),'S');
INSERT INTO ASISTENCIAS VALUES (7,TO_DATE('01-JUL-10','DD-MON-RRRR'),'S');
INSERT INTO ASISTENCIAS VALUES (7,TO_DATE('02-JUL-10','DD-MON-RRRR'),'S');
INSERT INTO ASISTENCIAS VALUES (7,TO_DATE('11-JUL-10','DD-MON-RRRR'),'S');
INSERT INTO ASISTENCIAS VALUES (8,TO_DATE('10-MAY-10','DD-MON-RRRR'),'S');
INSERT INTO ASISTENCIAS VALUES (8,TO_DATE('29-MAY-10','DD-MON-RRRR'),'S');
INSERT INTO ASISTENCIAS VALUES (8,TO_DATE('10-JUN-10','DD-MON-RRRR'),'N');
INSERT INTO ASISTENCIAS VALUES (8,TO_DATE('30-JUN-10','DD-MON-RRRR'),'N');
INSERT INTO ASISTENCIAS VALUES (8,TO_DATE('01-JUL-10','DD-MON-RRRR'),'N');
INSERT INTO ASISTENCIAS VALUES (8,TO_DATE('02-JUL-10','DD-MON-RRRR'),'S');
INSERT INTO ASISTENCIAS VALUES (8,TO_DATE('11-JUL-10','DD-MON-RRRR'),'S');
INSERT INTO ASISTENCIAS VALUES (9,TO_DATE('10-MAY-10','DD-MON-RRRR'),'S');
INSERT INTO ASISTENCIAS VALUES (9,TO_DATE('29-MAY-10','DD-MON-RRRR'),'S');
INSERT INTO ASISTENCIAS VALUES (9,TO_DATE('10-JUN-10','DD-MON-RRRR'),'N');
INSERT INTO ASISTENCIAS VALUES (9,TO_DATE('30-JUN-10','DD-MON-RRRR'),'N');
INSERT INTO ASISTENCIAS VALUES (9,TO_DATE('01-JUL-10','DD-MON-RRRR'),'N');
INSERT INTO ASISTENCIAS VALUES (9,TO_DATE('02-JUL-10','DD-MON-RRRR'),'S');
INSERT INTO ASISTENCIAS VALUES (9,TO_DATE('11-JUL-10','DD-MON-RRRR'),'S');

COMMIT;

-- ============================================================
-- VISTA V_ESTUDIANTES_PROY_FINAL
-- Faltaba en el Anexo II del grupo anterior pero la usan varios
-- queries de la aplicacion (Resumen General, Libro de Calificaciones).
-- La reconstruimos a partir de la formula de ponderacion que usan.
-- ============================================================
CREATE OR REPLACE VIEW V_ESTUDIANTES_PROY_FINAL AS
WITH prom AS (
    SELECT n.numero,
           ROUND(SUM(AVG(n.valor_nota) * c.porcentaje / c.cantidad) OVER (PARTITION BY n.numero), 2) AS prom_final
    FROM   notas n
    JOIN   criterios_de_evaluacion c ON c.codigo_nota = n.codigo_nota
    GROUP BY n.numero, c.codigo_nota, c.porcentaje, c.cantidad
),
asis AS (
    SELECT a.numero,
           ROUND(SUM(CASE WHEN a.status = 'S' THEN 1 ELSE 0 END) * 100 / COUNT(*), 2) AS por_asis
    FROM   asistencias a
    GROUP BY a.numero
)
SELECT DISTINCT
    e.numero,
    e.apellido,
    e.nombre,
    e.cedula,
    e.genero,
    p.nombre AS provincia,
    NVL(pr.prom_final, 0) AS prom_final,
    CASE
        WHEN NVL(pr.prom_final,0) >= 91 THEN 'A'
        WHEN NVL(pr.prom_final,0) >= 81 THEN 'B'
        WHEN NVL(pr.prom_final,0) >= 71 THEN 'C'
        WHEN NVL(pr.prom_final,0) >= 61 THEN 'D'
        ELSE 'F'
    END AS notas,
    NVL(a.por_asis, 0) AS por_asis
FROM  estudiantes e
LEFT JOIN provincias p ON p.id_provincia = e.id_provincia
LEFT JOIN prom pr      ON pr.numero = e.numero
LEFT JOIN asis a       ON a.numero  = e.numero;
